11,Lamp 11
12,Lamp 12
13,Lamp 13
14,Lamp 14
15,Lamp 15
16,Lamp 16
17,Lamp 17
18,Lamp 18
21,Lamp 21
22,Lamp 22
23,Lamp 23
24,Lamp 24
25,Lamp 25
26,Lamp 26
27,Lamp 27
28,Lamp 28
31,Lamp 31
32,Lamp 32
33,Lamp 33
34,Lamp 34
35,Lamp 35
36,Lamp 36
37,Lamp 37
38,Lamp 38
41,Lamp 41
42,Lamp 42
43,Lamp 43
44,Lamp 44
45,Lamp 45
46,Lamp 46
47,Lamp 47
48,Lamp 48
51,Lamp 51
52,Lamp 52
53,Lamp 53
54,Lamp 54
55,Lamp 55
56,Lamp 56
57,Lamp 57
58,Lamp 58
61,Lamp 61
62,Lamp 62
63,Lamp 63
64,Lamp 64
65,Lamp 65
66,Lamp 66
67,Lamp 67
68,Lamp 68
71,Lamp 71
72,Lamp 72
73,Lamp 73
74,Lamp 74
75,Lamp 75
76,Lamp 76
77,Lamp 77
78,Lamp 78
81,Lamp 81
82,Lamp 82
83,Lamp 83
84,Lamp 84
85,Lamp 85
86,Lamp 86
87,Lamp 87
88,Lamp 88
